{"test1":-164.8648648648649,"test2":286.8648648648649,"test3":-6.1000000000000005}
