{"D":-66.66666666666424,"C":-766.6666666666679}
